F�ria N�rdica;A.S. Francini, Carmen Seganfredo;383
Minha luta vol1;Adolf Hitler;270
Minha luta vol2;Adolf Hitler;260
Morte No Nilo;Agatha Christie;320
Assassinato no Campo de Golfe;Agatha Christie;296
O Misterioso Caso de Styles;Agatha Christie;288
O Portal do Destino;Agatha Christie;266
Assassinato no Expresso do Oriente;Agatha Christie;248
M ou N?;Agatha Christie;240
O inimigo secreto;Agatha Christie;222
O homem de terno marrom;Agatha Christie;203
Poirot investiga;Agatha Christie;184
O Segredo de Chimneys;Agatha Christie;304
A Voz do Fogo;Alan Moore;336
Admir�vel Mundo Novo;Aldous Huxley;309
Regresso ao Admir�vel Mundo Novo;Aldous Huxley;195
Vinte anos depois;Alexandre Dumas;800
Os Tr�s Mosqueteiros;Alexandre Dumas;792
As Aventuras de Robin Hood;Alexandre Dumas;592
Carregando o Elefante;Alexandre Ostrowiecki, Renato Feder;288
A Obra Completa de Allan Kardec;Allan Kardec;2685
O Pequeno Pr�ncipe;Antoine de Saint-Exup�ry;96
Sherlock Holmes Edi��o Completa;Arthur Ignatius Conan Doyle;936
O Fim da Inf�ncia;Arthur C Clarke;320
Esp�ritos do T�misa;Ben Aaronovitch;368
O Rei do Inverno;Bernard Cornwell;545
Excalibur;Bernard Cornwell;529
O Inimigo de Deus;Bernard Cornwell;518
Azincourt;Bernard Cornwell;462
Meus Tiranos Favoritos;Bob Lutz;199
Dr�cula;Bram Stoker;366
Bruce Dickinson: Uma autobiografia;Bruce Dickinson;320
T�cnicas de Invas�o;Bruno Fraga;296
Algoritmos de Destrui��o em Massa;Cathy O'Neil;342
A Grande Jogada;Celso Antunes;101
A Origem das Esp�cies;Charles Darwin;610
Arquivo X;Chris Carter;110
Homem-Aranha entre trov�es;Christopher L. Bennett;264
Heran�a;Christopher Paolini;792
Brisingr;Christopher Paolini;706
Eldest;Christopher Paolini;643
Eragon;Christopher Paolini;466
Um Apelo � Consci�ncia;Clayborne Carson;182
As Cr�nicas de N�rnia;Clive Staples Lewis;752
A Can��o de Tr�ia;Colleen Mccullough;616
Conquistador;Conn Iggulden;518
A Morte dos Reis;Conn Iggulden;504
Campo de Espadas;Conn Iggulden;490
Os Ossos das Colinas;Conn Iggulden;490
O Lobo das Plan�cies;Conn Iggulden;420
Os Deuses da Guerra;Conn Iggulden;420
Os Senhores do Arco;Conn Iggulden;420
Imp�rio da Prata;Conn Iggulden;405
Sangue dos Deuses;Conn Iggulden;392
Os Port�es de Roma;Conn Iggulden;377
Robinson Cruso�;Daniel Defoe;408
Disciplina sem Drama;Daniel J. Siegel e Tina Payne Bryson;288
O c�rebro da crian�a;Daniel J. Siegel e Tina Payne Bryson;240
O c�rebro que diz sim;Daniel J. Siegel e Tina Payne Bryson;208
Star Wars: Livro dos Sith;Daniel Wallace;160
Star Wars: Manual do Imp�rio;Daniel Wallace;160
Star Wars: O Caminho Jedi;Daniel Wallace;160
Star Wars: O C�digo do Ca�ador de Recompensa;Daniel Wallace;160
A Divina Com�dia;Dante Alighieri;597
At� Mais, e Obrigado Pelos Peixes!;Douglas Adams;208
O Guia do Mochileiro das Gal�xias;Douglas Adams;208
Praticamente Inofensiva;Douglas Adams;192
O Restaurante no Fim do Universo;Douglas Adams;176
A Vida, o Universo e Tudo Mais;Douglas Adams;160
E Tem Outra Coisa...;Douglas Adams, Eoin Colfer;368
Necr�polis 1 ? A Fronteira das Almas;Douglas MCT;296
Arquivo X - 08;Easton Royce;110
Criatividade S.A.;Ed Catmull;320
A narrativa de Arthur Gordon Pym;Edgar Allan Poe;304
Hist�rias Extraordin�rias;Edgar Allan Poe;224
O corvo e outros contos;Edgar Allan Poe;168
Pandas Python - Data Wrangling para Ci�ncia de Dados;Eduardo Corr�a;235
A Batalha do Apocalipse;Eduardo Spohr;586
Arquivo x;Ellen Steiber;97
Arquivo X - 04;Ellen Steiber;94
Homem de ferro -A manopla;Eoin Colfer;272
Eram os deuses astronautas?;Erich von D�niken;184
Jogador N� 1;Ernest Cline;464
Contos de esopo;Esopo;224
Os grandes romances de Dostoi�vski;Fiodor Dostoi�vski;4985
Duna;Frank Herbert;671
Os Filhos de Duna;Frank Herbert;524
O Imperador-Deus de Duna;Frank Herbert;504
Os Hereges de Duna;Frank Herbert;486
As Herdeiras de Duna;Frank Herbert;441
O Messias de Duna;Frank Herbert;284
Gestapo Mito e realidade da pol�cia secreta de Hitler;Frank McDonough;288
O Fantasma da �pera;Gaston Leroux;336
1984;George Orwell;416
A Revolu��o dos Bichos;George Orwell;152
50 ideias de astronomia que voc� precisa conhecer;Giles Sparrow;216
Machine Learning: Introdu��o � classifica��o;Guilherme Silveira;407
Os melhores contos de H.P. Lovecraft;H. P. Lovecraft;742
O Pardal � um p�ssaro azul;Heloneida Studart;134
Como se faz An�lise de Conjuntura;Herbert Jos� de Souza;54
Moby Dick;Herman Melville;528
Teogonia trabalho e dias;Hes�odo;159
Odisseia;Homero;167
Il�ada;Homero;220
Quem ama, educa!;I�ami Tiba;320
N�s, Rob�s;Isaac Asimov;566
O Futuro Come�ou;Isaac Asimov;470
Funda��o e Terra;Isaac Asimov;464
Sonhos de Rob�;Isaac Asimov;462
Vis�es de Rob�;Isaac Asimov;462
Prel�dio � Funda��o;Isaac Asimov;456
Os Rob�s do Amanhecer;Isaac Asimov;412
Limites da Funda��o;Isaac Asimov;408
Origens da Funda��o;Isaac Asimov;408
Escolha a Cat�strofe;Isaac Asimov;384
Os Pr�prios Deuses;Isaac Asimov;368
Rob�s e o Imp�rio;Isaac Asimov;363
Eu, Rob�;Isaac Asimov;320
As Cavernas de A�o;Isaac Asimov;304
O Sol Desvelado;Isaac Asimov;288
O Fim da Eternidade;Isaac Asimov;255
Funda��o e Imp�rio;Isaac Asimov;248
Funda��o;Isaac Asimov;239
Segunda Funda��o;Isaac Asimov;235
827 Era Gal�ctica;Isaac Asimov;234
Mist�rios;Isaac Asimov;226
Os Novos Rob�s;Isaac Asimov;196
O Grande Sol de Merc�rio;Isaac Asimov, Paul French;194
O Cair da Noite;Isaac Asimov, Robert Silverberg;352
Castle High - O retorno da espada;J.O. Aquino;270
Contos Inacabados;J.R.R. Tolkien;592
O Retorno do Rei;J.R.R. Tolkien;580
A Sociedade do Anel;J.R.R. Tolkien;566
As Duas Torres;J.R.R. Tolkien;496
O Silmarillion;J.R.R. Tolkien;482
Os Filhos de H�rin;J.R.R. Tolkien;340
O Hobbit;J.R.R. Tolkien;297
As Aventuras de Tom Bombadil;J.R.R. Tolkien;208
Mestre Gil de Ham;J.R.R. Tolkien;168
Roverandom;J.R.R. Tolkien;130
�rvore e Folha;J.R.R. Tolkien;112
Sociedades Secretas e seu poder no s�culo XX;Jan Van Helsing;489
O Evangelho de Loki;Joanne M. Harris;336
Fausto;Johann Wolfgang Von Goethe;494
As Viagens de Gulliver;Jonathan Swift;446
Bird Box;Josh Malerman;320
Os Grandes Romances de J�lio Verne;J�lio Verne;14887
Agente do caos;Kami Garcia;320
Manifesto do Partido Comunista;Karl Marx, Friedrich Engels;112
A Fal�cia Socioconstrutivista;Katia Simone Benedetti;388
O Gigante Enterrado;Kazuo Ishiguro;400
O M�gico de Oz;L. Frank Baun;224
1808;Laurentino Gomes;384
O Andar do B�bado;Leonard Mlodinow;264
Como improvisar no rpg;Leonardo Bigui;36
Arquivo X - 10;Les Martin;117
Arquivo X - 02;Les Martin;115
Arquivo X - 07;Les Martin;112
Arquivo X - 11;Les Martin;110
Arquivo X - 03;Les Martin;104
Arquivo X - 09;Les Martin;102
Arquivo X - 05;Les Martin;94
Alice;Lewis Carroll;317
O Caso dos Exploradores de Cavernas;Lon L. Fuller;80
Por Que o Brasil � Um Pa�s Atrasado?;Luiz Philippe de Orleans e Bragan�a;256
As Mil e Uma Noites;Malba Tahan;544
As Mil e uma Noites - Volume 2;Malba Tahan;544
Investir Cada Vez Melhor;Marcelo Montandon Jr;434
F�bulas Chinesas;M�rcia Schmaltz , Sergio Capparelli;64
O Poderoso Chef�o;Mario Puzo;461
O melhor de Cortella;Mario Sergio Cortella;144
A Senhora da Magia;Marion Zimmer Bradley;252
O Prisioneiro da �rvore;Marion Zimmer Bradley;239
A Grande Rainha;Marion Zimmer Bradley;232
O Gamo-Rei;Marion Zimmer Bradley;211
As Aventuras de Huckleberry Finn;Mark Twain;320
As Aventuras de Tom Sawyer;Mark Twain;288
Frankenstein;Mary Shelley;276
J.R.R. Tolkien - O Senhor da Fantasia;Michael White;258
Deuses americanos;Neil Gaiman;576
Criaturas Estranhas;Neil Gaiman;400
Filhos de Anansi;Neil Gaiman;384
Lugar Nenhum;Neil Gaiman;336
Fuma�a e Espelhos;Neil Gaiman;304
Mitologia N�rdica;Neil Gaiman;288
Belas Maldi��es;Neil Gaiman, Terry Pratchett;378
Stardust;Neil Gaiman,Charles Vess;208
O Pr�ncipe;Nicolau Maquiavel;208
Assim Falou Zaratustra;Nietzsche;302
Minhas Inven��es;Nikola Tesla;124
Uma Hist�ria Cultural da R�ssia;Orlando Figes;882
O Retrato de Dorian Gray;Oscar Wilde;260
As Religi�es que o Mundo Esqueceu;Pedro Paulo Funari;224
Eu Sou o N�mero Quatro;James Frey e Jobie Hughes;352
Unidos somos um;James Frey e Jobie Hughes;352
O Destino da N�mero Dez;James Frey e Jobie Hughes;320
O Poder dos Seis;James Frey e Jobie Hughes;320
A Queda dos Cinco;James Frey e Jobie Hughes;288
A Ascens�o dos Nove;James Frey e Jobie Hughes;287
A Vingan�a dos Sete;James Frey e Jobie Hughes;285
Os Arquivos Perdidos: A Trai��o do N�mero Cinco;James Frey e Jobie Hughes;150
Os Arquivos Perdidos: A �ltima Defesa;James Frey e Jobie Hughes;104
Os Arquivos Perdidos: A Ca�a;James Frey e Jobie Hughes;103
Os Arquivos Perdidos: A Navegadora;James Frey e Jobie Hughes;103
Os Arquivos Perdidos: Os �ltimos Dias de Lorien;James Frey e Jobie Hughes;101
Os Arquivos Perdidos: A Fuga;James Frey e Jobie Hughes;100
Os Arquivos Perdidos: De Volta a Paradise;James Frey e Jobie Hughes;100
Os Arquivos Perdidos: Os Legados dos Mortos;James Frey e Jobie Hughes;96
Os Arquivos Perdidos: Os Legados do N�mero Cinco;James Frey e Jobie Hughes;95
Os Arquivos Perdidos: Os Legados do N�mero Nove;James Frey e Jobie Hughes;94
Os Arquivos Perdidos: O Despertar dos Legados;James Frey e Jobie Hughes;89
Os Arquivos Perdidos: A Busca por Sam;James Frey e Jobie Hughes;87
Os Arquivos Perdidos: Os Legados da N�mero Seis;James Frey e Jobie Hughes;84
Os arquivos perdidos: Guarda;James Frey e Jobie Hughes;83
Os Arquivos Perdidos: Os Esquecidos;James Frey e Jobie Hughes;69
Noite Sem Fim;Poul Anderson;284
Enciclop�dia de Wicca e Bruxaria;Raven Grimassi;320
Ilus�es;Richard Bach;156
O Ladr�o de Raios;Rick Riordan;400
O �ltimo Olimpiano;Rick Riordan;384
A Batalha do Labirinto;Rick Riordan;367
A Maldi��o do Tit�;Rick Riordan;316
O Mar de Monstros;Rick Riordan;304
O M�dico e o Monstro;Robert Louis Stevenson;112
O Rei de Amarelo;Robert W. Chambers;256
Design para quem n�o � designer;Robin Williams;191
Senhores da Escurid�o;Robson Pinheiro;704
A Marca da Besta;Robson Pinheiro;640
Legi�o;Robson Pinheiro;525
Crep�sculo dos Deuses;Robson Pinheiro;416
Intelig�ncia Artificial Compreender em Que Consiste a I.A. e o Que Implica a Aprendizagem das...;Smart Reads;62
Breves Respostas Para Grandes Quest�es;Stephen Hawking;256
O universo numa casca de noz;Stephen Hawking;224
A Torre Negra;Stephen King;872
Mago e Vidro;Stephen King;813
Lobos de Calla;Stephen King;744
As Terras Devastadas;Stephen King;654
A Escolha dos Tr�s;Stephen King;416
Sombras da Noite;Stephen King;411
Can��o de Susannah;Stephen King;408
O Vento Pela Fechadura;Stephen King;283
O Pistoleiro;Stephen King;220
A Hora do Lobisomem;Stephen King;128
Pnl - 39 Tecnicas, Padroes E Estrategias de Pnl Para Mudar a Sua Vida E de Outros: 39 Tecnicas Basic;Steve Allen;150
Memorize Como Sherlock Holmes;Steve Allen;46
Naves Espaciais 2000 a 2100;Stewart Cowley;96
A Rainha do Castelo de Ar;Stieg Larsson;688
A Menina que Brincava com Fogo;Stieg Larsson;611
Os Homens Que N�o Amavam As Mulheres;Stieg Larsson;522
Da Arte da Guerra;Sun Tze;160
A Magia de Holy Wood;Terry Pratchett;347
Guardas! Guardas!;Terry Pratchett;339
Homens de Armas;Terry Pratchett;336
Um Chap�u Cheio de C�u;Terry Pratchett;336
Pequenos Deuses;Terry Pratchett;308
Quando As Bruxas Viajam;Terry Pratchett;301
Pir�mides;Terry Pratchett;298
Lordes e Damas;Terry Pratchett;294
O Senhor da Foice;Terry Pratchett;285
Estranhas Irm�s;Terry Pratchett;275
O Oitavo Mago;Terry Pratchett;264
Os Pequenos Homens Livres;Terry Pratchett;264
O Aprendiz de Morte;Terry Pratchett;253
O Fabuloso Maur�cio e seus Roedores Letrados;Terry Pratchett;248
A Cor da Magia;Terry Pratchett;231
A Luz Fant�stica;Terry Pratchett;225
Direitos Iguais Rituais Iguais;Terry Pratchett;221
Eric;Terry Pratchett;125
Utopia;Thomas More;112
O Nome da Rosa;Umberto Eco;563
Mona Lisa Overdrive;William Gibson;320
Neuromancer;William Gibson;320
Count Zero;William Gibson;312
2363;Y.N. Daniel;400
Sapiens;Yuval Noah Harari;464
Homo Deus;Yuval Noah Harari;448
21 Li��es para s�culo 21;Yuval Noah Harari;442
Na batalha contra o coronav�rus, faltam l�deres � humanidade;Yuval Noah Harari;26
N�s;Zamiatin;344
